548338,B00005MKLX
548339,0790742462
548340,B00005MKLF
548341,B00005MKLN
548342,B00005MKLH
548343,B00008R9KE
548344,B00005MKL3
548345,B00005MKL5
548346,B00003CWIN
548347,B00005MKL2
548348,B00003CWIC
548349,B00003CWI1
548350,B00003CWI6
548351,0792844815
548352,6305308810
548353,B00006RJCN
548354,B00006RJCP
548355,B00006RJCM
548356,B00006RJCR
548357,6305504032
548358,6304609396
548359,1558908439
548360,B0000633SA
548361,B00006HAXB
548362,B00005JG6O
548363,B00005JG6N
548364,B00005J74X
548365,B00005JG6M
548366,B00006FDBE
548367,073891908X
548368,6304779607
548369,6305134936
548370,6305066817
548371,B00007BKVC
548372,0792835727
548373,6305307172
548374,B00008R9KB
548375,B00008R9KC
548376,B00008R9KF
548377,B00008R9KG
548378,B00008R9KD
548379,B00008R9KM
548380,B00008R9KH
548381,B00008R9KN
548382,B00008R9KL
548383,6305736685
548384,B000056PN0
548385,6304707622
548386,6305053987
548387,0782009980
548388,B000022TTF
548389,B000053VAU
548390,B00002NDKV
548391,B00005LOKQ
548392,B000065V3R
548393,0788816462
548394,0792846885
548395,B00004ZET3
548396,B000087EXW
548397,B00005TNFG
548398,B0000639EA
548399,0783219857
548400,B00005BJQJ
548401,B000059TFL
548402,B00008AOV2
548403,B0000694YP
548404,B00005LC5R
548405,B00006G8HQ
548406,B00006G8HC
548407,B000067DE5
548408,0783230486
548409,B00006JDW2
548410,157252202X
548411,B00000K3D4
548412,B00006L932
548413,6305742367
548414,6305325820
548415,B00005QAP4
548416,0849960630
548417,0375406026
548418,B000051S6M
548419,1574533053
548420,1564553795
548421,1587882809
548422,0786118504
548423,0671046454
548424,0786871504
548425,6305077789
548426,0671579398
548427,1560151277
548428,1560159065
548429,0553502204
548430,0553470515
548431,B00007ELF7
548432,0945353723
548433,6305750254
548434,0743518152
548435,B000087F0X
548436,B00005RYL7
548437,1878990950
548438,B000069HY7
548439,0784012822
548440,B000059H84
548441,B00005K3OG
548442,6305944288
548443,B000007SFG
548444,B00005A07M
548445,B00004Y7H7
548446,B00005RI9E
548447,B00005M2CO
548448,B00005M2C2
548449,B00008O38G
548450,B000069HYW
548451,B00000JN2F
548452,B00003ES2M
548453,1559275464
548454,0790742004
548455,6305340536
548456,630522207X
548457,0842360433
548458,B000063UR2
548459,B00007BG8E
548460,B00007G1UZ
548461,0062517589
548462,0312284861
548463,0435086340
548464,0310973678
548465,0452278058
548466,0312304048
548467,0632044365
548468,0812575520
548469,0312304145
548470,068485290X
548471,0789452383
548472,0312868146
548473,0763712191
548474,0761114815
548475,0802150284
548476,0231116403
548477,0451410505
548478,0691090408
548479,0300084862
548480,0825434904
548481,0931724600
548482,0786927984
548483,0632046236
548484,0939660520
548485,0824719204
548486,0688164668
548487,0972356207
548488,1890437484
548489,0849396565
548490,1564290484
548491,1568811241
548492,0963753363
548493,0825434645
548494,0679747362
548495,6303315275
548496,156720273X
548497,0849995949
548498,1571201718
548499,6302011019
548500,1885106378
548501,0226439593
548502,1579545122
548503,0486681033
548504,063205025X
548505,0520053311
548506,6300186016
548507,0867200170
548508,158483000X
548509,B00005AUTO
548510,0972380108
548511,0970886500
548512,0893891924
548513,0072507624
548514,0963542613
548515,0785111263
548516,8475090362
548517,0964838222
548518,9684320477
548519,088363337X
548520,0465028721
548521,2060000912
548522,4770027613
548523,1552780597
548524,0575068957
548525,1567997554
548526,B00005QBZI
548527,0743001370
548528,0945199198
548529,0310208084
548530,0006176909
548531,0786632550
548532,0752808990
548533,4770023286
548534,0838409342
548535,0552139432
548536,B00004XT2L
548537,B00006RGI2
548538,B000067JZT
548539,B00008MNUJ
548540,0060537612
548541,9700507734
548542,9627762644
548543,0970020503
548544,B000065AHM
548545,B0000508ZN
548546,1930519206
548547,B000059TOC
548548,B00006JBIX
548549,0879736836
548550,B00008DDST
548551,B00005MHUG
